{
  "model": "ConvAE",
  "n_parameters": 304177,
  "device": "cpu",
  "config": {
    "seed": 42,
    "windows": {
      "window": 64,
      "stride": 16,
      "val_frac": 0.1,
      "test_frac": 0.2
    },
    "model": {
      "channels": [
        64,
        96,
        128
      ],
      "kernel_size": 5,
      "latent_dim": 32
    },
    "aae": {
      "discriminator_hidden": [
        128,
        128
      ],
      "adv_weight": 0.1
    },
    "train": {
      "batch_size": 256,
      "n_epochs": 30,
      "lr_ae": 0.001,
      "lr_disc": 0.0005,
      "weight_decay": 1e-05
    },
    "eval": {
      "fpr_target": 0.05
    }
  },
  "n_epochs": 14,
  "train_losses": [
    0.9741979837417603,
    0.736659724265337,
    0.649147268384695,
    0.5902286693453789,
    0.5353594496846199,
    0.49318160116672516,
    0.4603767842054367,
    0.4386267736554146,
    0.4196378104388714,
    0.40598767809569836,
    0.383721137419343,
    0.383600901812315,
    0.37334887869656086,
    0.3576519303023815
  ],
  "val_losses": [
    0.7037801237747563,
    0.6067739331159469,
    0.5562331454777751,
    0.5089360183912286,
    0.46152908914590596,
    0.44319207405668815,
    0.4230376149451784,
    0.3982195983799401,
    0.3779534597765223,
    0.3628494088059672,
    0.35526072620833893,
    0.3510936033060622,
    0.34553810523473827,
    0.3316494310021571
  ],
  "thresholds": {
    "fpr": {
      "value": 0.5849120616912842,
      "method": "fpr",
      "detail": "fpr_target=0.05"
    },
    "max_f1_test": {
      "value": 0.30111067019515303,
      "method": "max_f1",
      "detail": "best_f1=0.8122"
    }
  },
  "metrics_at_fpr_threshold": {
    "roc_auc": 0.8347469646749754,
    "pr_auc": 0.8015150295427351,
    "f1_at_thr": 0.4852670349907919,
    "precision_at_thr": 0.8597063621533442,
    "recall_at_thr": 0.33803720333547144,
    "threshold": 0.5849120616912842,
    "n_pos": 1559,
    "n_neg": 1255,
    "per_action": {
      "0": {
        "n": 23,
        "n_pos": 4,
        "n_neg": 19,
        "roc_auc": 0.7894736842105263,
        "pr_auc": 0.36547619047619045,
        "f1": 0.0,
        "precision": 0.0,
        "recall": 0.0
      },
      "1": {
        "n": 70,
        "n_pos": 39,
        "n_neg": 31,
        "roc_auc": 0.8899917287014061,
        "pr_auc": 0.8507936503625475,
        "f1": 0.46153846153846156,
        "precision": 0.9230769230769231,
        "recall": 0.3076923076923077
      },
      "2": {
        "n": 69,
        "n_pos": 39,
        "n_neg": 30,
        "roc_auc": 0.788034188034188,
        "pr_auc": 0.7843283971310026,
        "f1": 0.39285714285714285,
        "precision": 0.6470588235294118,
        "recall": 0.28205128205128205
      },
      "3": {
        "n": 168,
        "n_pos": 117,
        "n_neg": 51,
        "roc_auc": 0.8002346237640356,
        "pr_auc": 0.8325810094534418,
        "f1": 0.3401360544217687,
        "precision": 0.8333333333333334,
        "recall": 0.21367521367521367
      },
      "4": {
        "n": 168,
        "n_pos": 93,
        "n_neg": 75,
        "roc_auc": 0.8374193548387097,
        "pr_auc": 0.8154679292392125,
        "f1": 0.41935483870967744,
        "precision": 0.8387096774193549,
        "recall": 0.27956989247311825
      },
      "5": {
        "n": 59,
        "n_pos": 16,
        "n_neg": 43,
        "roc_auc": 0.752906976744186,
        "pr_auc": 0.4386898873518064,
        "f1": 0.2608695652173913,
        "precision": 0.42857142857142855,
        "recall": 0.1875
      },
      "6": {
        "n": 58,
        "n_pos": 14,
        "n_neg": 44,
        "roc_auc": 0.43506493506493504,
        "pr_auc": 0.21302966475143548,
        "f1": 0.0,
        "precision": 0.0,
        "recall": 0.0
      },
      "7": {
        "n": 166,
        "n_pos": 100,
        "n_neg": 66,
        "roc_auc": 0.8515151515151514,
        "pr_auc": 0.8645515384595591,
        "f1": 0.5428571428571428,
        "precision": 0.95,
        "recall": 0.38
      },
      "8": {
        "n": 143,
        "n_pos": 73,
        "n_neg": 70,
        "roc_auc": 0.891976516634051,
        "pr_auc": 0.8355841240867932,
        "f1": 0.40425531914893614,
        "precision": 0.9047619047619048,
        "recall": 0.2602739726027397
      },
      "9": {
        "n": 53,
        "n_pos": 0,
        "n_neg": 53,
        "f1": 0.0,
        "precision": 0.0,
        "recall": 0.0
      },
      "10": {
        "n": 76,
        "n_pos": 37,
        "n_neg": 39,
        "roc_auc": 0.8239778239778239,
        "pr_auc": 0.7437625127668002,
        "f1": 0.4827586206896552,
        "precision": 0.6666666666666666,
        "recall": 0.3783783783783784
      },
      "11": {
        "n": 97,
        "n_pos": 33,
        "n_neg": 64,
        "roc_auc": 0.7088068181818181,
        "pr_auc": 0.44081110994564365,
        "f1": 0.04878048780487805,
        "precision": 0.125,
        "recall": 0.030303030303030304
      },
      "12": {
        "n": 222,
        "n_pos": 141,
        "n_neg": 81,
        "roc_auc": 0.7815427720865072,
        "pr_auc": 0.8068996528858999,
        "f1": 0.4897959183673469,
        "precision": 0.8727272727272727,
        "recall": 0.3404255319148936
      },
      "13": {
        "n": 133,
        "n_pos": 84,
        "n_neg": 49,
        "roc_auc": 0.8984450923226432,
        "pr_auc": 0.9472317616365806,
        "f1": 0.576271186440678,
        "precision": 1.0,
        "recall": 0.40476190476190477
      },
      "14": {
        "n": 92,
        "n_pos": 53,
        "n_neg": 39,
        "roc_auc": 0.8838896952104499,
        "pr_auc": 0.9162130604580428,
        "f1": 0.5866666666666667,
        "precision": 1.0,
        "recall": 0.41509433962264153
      },
      "15": {
        "n": 87,
        "n_pos": 48,
        "n_neg": 39,
        "roc_auc": 0.8584401709401709,
        "pr_auc": 0.8811051956280478,
        "f1": 0.631578947368421,
        "precision": 0.8571428571428571,
        "recall": 0.5
      },
      "16": {
        "n": 88,
        "n_pos": 49,
        "n_neg": 39,
        "roc_auc": 0.9413919413919414,
        "pr_auc": 0.9519119831388667,
        "f1": 0.5797101449275363,
        "precision": 1.0,
        "recall": 0.40816326530612246
      },
      "17": {
        "n": 89,
        "n_pos": 50,
        "n_neg": 39,
        "roc_auc": 0.716923076923077,
        "pr_auc": 0.65898593964399,
        "f1": 0.5609756097560976,
        "precision": 0.71875,
        "recall": 0.46
      },
      "18": {
        "n": 92,
        "n_pos": 56,
        "n_neg": 36,
        "roc_auc": 0.8854166666666666,
        "pr_auc": 0.8556514871779888,
        "f1": 0.6666666666666666,
        "precision": 0.8823529411764706,
        "recall": 0.5357142857142857
      },
      "19": {
        "n": 93,
        "n_pos": 57,
        "n_neg": 36,
        "roc_auc": 0.9312865497076024,
        "pr_auc": 0.9108969247522511,
        "f1": 0.5679012345679012,
        "precision": 0.9583333333333334,
        "recall": 0.40350877192982454
      },
      "20": {
        "n": 80,
        "n_pos": 47,
        "n_neg": 33,
        "roc_auc": 0.8929722759509994,
        "pr_auc": 0.9127850364193877,
        "f1": 0.5,
        "precision": 0.9411764705882353,
        "recall": 0.3404255319148936
      },
      "21": {
        "n": 86,
        "n_pos": 53,
        "n_neg": 33,
        "roc_auc": 0.812464265294454,
        "pr_auc": 0.8092018105920723,
        "f1": 0.4722222222222222,
        "precision": 0.8947368421052632,
        "recall": 0.32075471698113206
      },
      "22": {
        "n": 73,
        "n_pos": 43,
        "n_neg": 30,
        "roc_auc": 0.9418604651162791,
        "pr_auc": 0.9636557511493298,
        "f1": 0.6349206349206349,
        "precision": 1.0,
        "recall": 0.46511627906976744
      },
      "23": {
        "n": 62,
        "n_pos": 35,
        "n_neg": 27,
        "roc_auc": 0.9312169312169312,
        "pr_auc": 0.9560207163945541,