{
  "model": "ConvAE",
  "n_parameters": 304177,
  "device": "cpu",
  "config": {
    "seed": 42,
    "windows": {
      "window": 64,
      "stride": 16,
      "val_frac": 0.1,
      "test_frac": 0.2
    },
    "model": {
      "channels": [
        64,
        96,
        128
      ],
      "kernel_size": 5,
      "latent_dim": 32
    },
    "aae": {
      "discriminator_hidden": [
        128,
        128
      ],
      "adv_weight": 0.1
    },
    "train": {
      "batch_size": 256,
      "n_epochs": 30,
      "lr_ae": 0.001,
      "lr_disc": 0.0005,
      "weight_decay": 1e-05
    },
    "eval": {
      "fpr_target": 0.05,
      "combined_score": {
        "mu_min": 0.0,
        "mu_max": 5.0,
        "mu_steps": 51
      }
    }
  },
  "n_epochs": 30,
  "train_losses": [
    0.9741980023682117,
    0.7366596832871437,
    0.6491472646594048,
    0.5902286097407341,
    0.5353594962507486,
    0.49318178556859493,
    0.4603769462555647,
    0.43862687051296234,
    0.41963786631822586,
    0.40598777309060097,
    0.38372123427689075,
    0.3836008310317993,
    0.3733490202575922,
    0.35765185579657555,
    0.33022863045334816,
    0.33524668775498867,
    0.3400804456323385,
    0.3328141998499632,
    0.33089557848870754,
    0.3279420752078295,
    0.3244088999927044,
    0.3196850623935461,
    0.3098344821482897,
    0.3153291577473283,
    0.31049406342208385,
    0.30985427647829056,
    0.2993828784674406,
    0.3054048791527748,
    0.3038640348240733,
    0.3010890819132328
  ],
  "val_losses": [
    0.7037801456042114,
    0.6067739112864918,
    0.5562332655397778,
    0.5089361384532312,
    0.46152878353353566,
    0.44319113539012206,
    0.4230377240924535,
    0.3982195219768475,
    0.37795338337342965,
    0.36284919051141695,
    0.3552603332781485,
    0.35109367970915484,
    0.34553820346728586,
    0.33165054430436336,
    0.3300289432378286,
    0.32698575348642595,
    0.31913857739711865,
    0.32075462286734957,
    0.3213423372849886,
    0.32092466340726705,
    0.3197148859245071,
    0.31889976315914476,
    0.31432142789783396,
    0.3169340316488678,
    0.3135923350147253,
    0.30906717630585545,
    0.30861944326856444,
    0.3077546366635651,
    0.3055453211793913,
    0.303986894555699
  ],
  "thresholds": {
    "fpr": {
      "value": 0.5444806814193726,
      "method": "fpr",
      "detail": "fpr_target=0.05"
    },
    "max_f1_test": {
      "value": 0.2705725647097257,
      "method": "max_f1",
      "detail": "best_f1=0.8283"
    }
  },
  "metrics_at_fpr_threshold": {
    "roc_auc": 0.8532867887015121,
    "pr_auc": 0.8206726858948116,
    "f1_at_thr": 0.5389061805246776,
    "precision_at_thr": 0.8782608695652174,
    "recall_at_thr": 0.3887107119948685,
    "threshold": 0.5444806814193726,
    "n_pos": 1559,
    "n_neg": 1255,
    "per_action": {
      "0": {
        "n": 23,
        "n_pos": 4,
        "n_neg": 19,
        "roc_auc": 0.7894736842105263,
        "pr_auc": 0.36547619047619045,
        "f1": 0.2222222222222222,
        "precision": 0.2,
        "recall": 0.25
      },
      "1": {
        "n": 70,
        "n_pos": 39,
        "n_neg": 31,
        "roc_auc": 0.9131513647642681,
        "pr_auc": 0.884229375698322,
        "f1": 0.6333333333333333,
        "precision": 0.9047619047619048,
        "recall": 0.48717948717948717
      },
      "2": {
        "n": 69,
        "n_pos": 39,
        "n_neg": 30,
        "roc_auc": 0.8213675213675214,
        "pr_auc": 0.8192426257740308,
        "f1": 0.4918032786885246,
        "precision": 0.6818181818181818,
        "recall": 0.38461538461538464
      },
      "3": {
        "n": 168,
        "n_pos": 117,
        "n_neg": 51,
        "roc_auc": 0.8136416959946372,
        "pr_auc": 0.84647743510166,
        "f1": 0.4258064516129032,
        "precision": 0.868421052631579,
        "recall": 0.28205128205128205
      },
      "4": {
        "n": 168,
        "n_pos": 93,
        "n_neg": 75,
        "roc_auc": 0.8488888888888888,
        "pr_auc": 0.824989155542277,
        "f1": 0.4444444444444444,
        "precision": 0.8484848484848485,
        "recall": 0.3010752688172043
      },
      "5": {
        "n": 59,
        "n_pos": 16,
        "n_neg": 43,
        "roc_auc": 0.7834302325581395,
        "pr_auc": 0.4649391694838832,
        "f1": 0.2727272727272727,
        "precision": 0.5,
        "recall": 0.1875
      },
      "6": {
        "n": 58,
        "n_pos": 14,
        "n_neg": 44,
        "roc_auc": 0.5551948051948051,
        "pr_auc": 0.2577179271413894,
        "f1": 0.0,
        "precision": 0.0,
        "recall": 0.0
      },
      "7": {
        "n": 166,
        "n_pos": 100,
        "n_neg": 66,
        "roc_auc": 0.8593939393939394,
        "pr_auc": 0.8684330245039233,
        "f1": 0.5633802816901409,
        "precision": 0.9523809523809523,
        "recall": 0.4
      },
      "8": {
        "n": 143,
        "n_pos": 73,
        "n_neg": 70,
        "roc_auc": 0.9025440313111546,
        "pr_auc": 0.8400367393732562,
        "f1": 0.42105263157894735,
        "precision": 0.9090909090909091,
        "recall": 0.273972602739726
      },
      "9": {
        "n": 53,
        "n_pos": 0,
        "n_neg": 53,
        "f1": 0.0,
        "precision": 0.0,
        "recall": 0.0
      },
      "10": {
        "n": 76,
        "n_pos": 37,
        "n_neg": 39,
        "roc_auc": 0.8600138600138599,
        "pr_auc": 0.7942478189643434,
        "f1": 0.5172413793103449,
        "precision": 0.7142857142857143,
        "recall": 0.40540540540540543
      },
      "11": {
        "n": 97,
        "n_pos": 33,
        "n_neg": 64,
        "roc_auc": 0.7490530303030303,
        "pr_auc": 0.480545707393132,
        "f1": 0.13953488372093023,
        "precision": 0.3,
        "recall": 0.09090909090909091
      },
      "12": {
        "n": 222,
        "n_pos": 141,
        "n_neg": 81,
        "roc_auc": 0.7915243849049997,
        "pr_auc": 0.8182141018585634,
        "f1": 0.5125628140703518,
        "precision": 0.8793103448275862,
        "recall": 0.3617021276595745
      },
      "13": {
        "n": 133,
        "n_pos": 84,
        "n_neg": 49,
        "roc_auc": 0.8960155490767736,
        "pr_auc": 0.9447934613111426,
        "f1": 0.45871559633027525,
        "precision": 1.0,
        "recall": 0.2976190476190476
      },
      "14": {
        "n": 92,
        "n_pos": 53,
        "n_neg": 39,
        "roc_auc": 0.9400096758587324,
        "pr_auc": 0.9504486329445692,
        "f1": 0.5866666666666667,
        "precision": 1.0,
        "recall": 0.41509433962264153
      },
      "15": {
        "n": 87,
        "n_pos": 48,
        "n_neg": 39,
        "roc_auc": 0.8782051282051282,
        "pr_auc": 0.9025737317238812,
        "f1": 0.6388888888888888,
        "precision": 0.9583333333333334,
        "recall": 0.4791666666666667
      },
      "16": {
        "n": 88,
        "n_pos": 49,
        "n_neg": 39,
        "roc_auc": 0.9492412349555207,
        "pr_auc": 0.9597236209250136,
        "f1": 0.6933333333333334,
        "precision": 1.0,
        "recall": 0.5306122448979592
      },
      "17": {
        "n": 89,
        "n_pos": 50,
        "n_neg": 39,
        "roc_auc": 0.7297435897435898,
        "pr_auc": 0.6709390804326805,
        "f1": 0.5853658536585366,
        "precision": 0.75,
        "recall": 0.48
      },
      "18": {
        "n": 92,
        "n_pos": 56,
        "n_neg": 36,
        "roc_auc": 0.8913690476190477,
        "pr_auc": 0.8592528786560713,
        "f1": 0.6363636363636364,
        "precision": 0.875,
        "recall": 0.5
      },
      "19": {
        "n": 93,
        "n_pos": 57,
        "n_neg": 36,
        "roc_auc": 0.9273879142300194,
        "pr_auc": 0.9157715903184591,
        "f1": 0.5853658536585366,
        "precision": 0.96,
        "recall": 0.42105263157894735
      },
      "20": {
        "n": 80,
        "n_pos": 47,
        "n_neg": 33,