{
  "model": "AdversarialAE",
  "n_parameters": {
    "ae": 304177,
    "disc": 20865,
    "total": 325042
  },
  "device": "cpu",
  "config": {
    "seed": 42,
    "windows": {
      "window": 64,
      "stride": 16,
      "val_frac": 0.1,
      "test_frac": 0.2
    },
    "model": {
      "channels": [
        64,
        96,
        128
      ],
      "kernel_size": 5,
      "latent_dim": 32
    },
    "aae": {
      "discriminator_hidden": [
        128,
        128
      ],
      "adv_weight": 0.1
    },
    "train": {
      "batch_size": 256,
      "n_epochs": 30,
      "lr_ae": 0.001,
      "lr_disc": 0.0005,
      "weight_decay": 1e-05
    },
    "eval": {
      "fpr_target": 0.05
    }
  },
  "n_epochs": 14,
  "train_losses": [
    0.9853189624845982,
    0.7752445042133331,
    0.700361043214798,
    0.6575569547712803,
    0.6263374947011471,
    0.5956638678908348,
    0.5697765685617924,
    0.5516956523060799,
    0.5327143464237452,
    0.5116446148604155,
    0.4871230497956276,
    0.47976456582546234,
    0.4682608749717474,
    0.4514807891100645
  ],
  "val_losses": [
    0.7262794374566903,
    0.6417270272927564,
    0.5926195398420735,
    0.5601767347605955,
    0.5388955264985135,
    0.5191192736100401,
    0.5013664256520196,
    0.4913350052076348,
    0.47057257394422275,
    0.45603955968766763,
    0.4501639872320391,
    0.4498970894001755,
    0.43778115246599497,
    0.4311350984805302
  ],
  "disc_losses": [
    0.7537927366793156,
    0.7576447129249573,
    0.876628290861845,
    0.8172605820000172,
    0.7977668531239033,
    0.7748682200908661,
    0.7305241115391254,
    0.7353760339319706,
    0.724758218973875,
    0.7161403000354767,
    0.7116293720901012,
    0.7087844200432301,
    0.7021873295307159,
    0.7047341838479042
  ],
  "gen_losses": [
    0.6572211608290672,
    0.7221951149404049,
    0.6818923391401768,
    0.8451493717730045,
    0.8944143280386925,
    0.8545732423663139,
    0.876029722392559,
    0.7897381260991096,
    0.7706717289984226,
    0.7527287676930428,
    0.7258325517177582,
    0.7040164656937122,
    0.6985432021319866,
    0.6892492175102234
  ],
  "thresholds": {
    "fpr": {
      "value": 0.6954184770584106,
      "method": "fpr",
      "detail": "fpr_target=0.05"
    },
    "max_f1_test": {
      "value": 0.345836095773994,
      "method": "max_f1",
      "detail": "best_f1=0.7315"
    }
  },
  "metrics_at_fpr_threshold": {
    "roc_auc": 0.7464760585624148,
    "pr_auc": 0.75599177424433,
    "f1_at_thr": 0.4301488238118099,
    "precision_at_thr": 0.8549618320610687,
    "recall_at_thr": 0.2873636946760744,
    "threshold": 0.6954184770584106,
    "n_pos": 1559,
    "n_neg": 1255,
    "per_action": {
      "0": {
        "n": 23,
        "n_pos": 4,
        "n_neg": 19,
        "roc_auc": 0.8026315789473685,
        "pr_auc": 0.37797619047619047,
        "f1": 0.4,
        "precision": 0.3333333333333333,
        "recall": 0.5
      },
      "1": {
        "n": 70,
        "n_pos": 39,
        "n_neg": 31,
        "roc_auc": 0.847808105872622,
        "pr_auc": 0.8086215235325661,
        "f1": 0.2978723404255319,
        "precision": 0.875,
        "recall": 0.1794871794871795
      },
      "2": {
        "n": 69,
        "n_pos": 39,
        "n_neg": 30,
        "roc_auc": 0.7606837606837606,
        "pr_auc": 0.7356316980579278,
        "f1": 0.2857142857142857,
        "precision": 0.7,
        "recall": 0.1794871794871795
      },
      "3": {
        "n": 168,
        "n_pos": 117,
        "n_neg": 51,
        "roc_auc": 0.71476453829395,
        "pr_auc": 0.8102864850031665,
        "f1": 0.3815789473684211,
        "precision": 0.8285714285714286,
        "recall": 0.24786324786324787
      },
      "4": {
        "n": 168,
        "n_pos": 93,
        "n_neg": 75,
        "roc_auc": 0.7859498207885304,
        "pr_auc": 0.8196742132370542,
        "f1": 0.47244094488188976,
        "precision": 0.8823529411764706,
        "recall": 0.3225806451612903
      },
      "5": {
        "n": 59,
        "n_pos": 16,
        "n_neg": 43,
        "roc_auc": 0.7834302325581395,
        "pr_auc": 0.465206730739629,
        "f1": 0.2857142857142857,
        "precision": 0.6,
        "recall": 0.1875
      },
      "6": {
        "n": 58,
        "n_pos": 14,
        "n_neg": 44,
        "roc_auc": 0.5064935064935064,
        "pr_auc": 0.26082579549755036,
        "f1": 0.0,
        "precision": 0.0,
        "recall": 0.0
      },
      "7": {
        "n": 166,
        "n_pos": 100,
        "n_neg": 66,
        "roc_auc": 0.7278787878787879,
        "pr_auc": 0.787167314640849,
        "f1": 0.5,
        "precision": 0.9444444444444444,
        "recall": 0.34
      },
      "8": {
        "n": 143,
        "n_pos": 73,
        "n_neg": 70,
        "roc_auc": 0.7504892367906066,
        "pr_auc": 0.751986560661612,
        "f1": 0.2558139534883721,
        "precision": 0.8461538461538461,
        "recall": 0.1506849315068493
      },
      "9": {
        "n": 53,
        "n_pos": 0,
        "n_neg": 53,
        "f1": 0.0,
        "precision": 0.0,
        "recall": 0.0
      },
      "10": {
        "n": 76,
        "n_pos": 37,
        "n_neg": 39,
        "roc_auc": 0.8392238392238393,
        "pr_auc": 0.7867339437663041,
        "f1": 0.5263157894736842,
        "precision": 0.75,
        "recall": 0.40540540540540543
      },
      "11": {
        "n": 97,
        "n_pos": 33,
        "n_neg": 64,
        "roc_auc": 0.6448863636363636,
        "pr_auc": 0.39937831528093065,
        "f1": 0.05,
        "precision": 0.14285714285714285,
        "recall": 0.030303030303030304
      },
      "12": {
        "n": 222,
        "n_pos": 141,
        "n_neg": 81,
        "roc_auc": 0.6944225549426496,
        "pr_auc": 0.7784300305641676,
        "f1": 0.44559585492227977,
        "precision": 0.8269230769230769,
        "recall": 0.3049645390070922
      },
      "13": {
        "n": 133,
        "n_pos": 84,
        "n_neg": 49,
        "roc_auc": 0.793974732750243,
        "pr_auc": 0.896319448202243,
        "f1": 0.4864864864864865,
        "precision": 1.0,
        "recall": 0.32142857142857145
      },
      "14": {
        "n": 92,
        "n_pos": 53,
        "n_neg": 39,
        "roc_auc": 0.8040638606676342,
        "pr_auc": 0.8811372232783995,
        "f1": 0.6052631578947368,
        "precision": 1.0,
        "recall": 0.4339622641509434
      },
      "15": {
        "n": 87,
        "n_pos": 48,
        "n_neg": 39,
        "roc_auc": 0.7446581196581197,
        "pr_auc": 0.836909618399009,
        "f1": 0.6842105263157895,
        "precision": 0.9285714285714286,
        "recall": 0.5416666666666666
      },
      "16": {
        "n": 88,
        "n_pos": 49,
        "n_neg": 39,
        "roc_auc": 0.8503401360544218,
        "pr_auc": 0.8938935729030749,
        "f1": 0.6933333333333334,
        "precision": 1.0,
        "recall": 0.5306122448979592
      },
      "17": {
        "n": 89,
        "n_pos": 50,
        "n_neg": 39,
        "roc_auc": 0.6035897435897436,
        "pr_auc": 0.608477220746336,
        "f1": 0.55,
        "precision": 0.7333333333333333,
        "recall": 0.44
      },
      "18": {
        "n": 92,
        "n_pos": 56,
        "n_neg": 36,
        "roc_auc": 0.7306547619047619,
        "pr_auc": 0.7732242586926498,
        "f1": 0.651685393258427,
        "precision": 0.8787878787878788,
        "recall": 0.5178571428571429
      },
      "19": {
        "n": 93,
        "n_pos": 57,
        "n_neg": 36,
        "roc_auc": 0.8347953216374269,
        "pr_auc": 0.8536490618405164,
        "f1": 0.5679012345679012,
        "precision": 0.9583333333333334,
        "recall": 0.40350877192982454
      },
      "20": {
        "n": 80,
        "n_pos": 47,
        "n_neg": 33,
        "roc_auc": 0.6756931012250161,
        "pr_auc": 0.7931418857548569,
        "f1": 0.4262295081967213,
        "precision": 0.9285714285714286,