model,n_params,roc_auc,pr_auc,f1_at_fpr,f1_at_max_f1,threshold_fpr
AE,304177,0.8347469646749754,0.8015150295427351,0.4852670349907919,0.812200956937799,0.5849120616912842
AAE,325042,0.7464760585624148,0.75599177424433,0.4301488238118099,0.7315284827975184,0.6954184770584106
